epoch, Train loss, Train accuracy, Val loss, Val accuracy, Val real pre, Val real rec, Val real F1-Score, Val fake pre, Val fake rec, Val fake F1-Score, Val micro pre, Val micro rec, Val micro F1-Score, Val macro pre, Val macro rec, Val macro F1-Score
1,0.310415,0.894109,0.670730,0.551291,0.979104,0.013120,0.025893,0.548669,0.999767,0.708510,0.551291,0.551291,0.551291,0.763887,0.506443,0.367202
2,0.315490,0.878655,0.612481,0.700800,0.893153,0.388200,0.541181,0.653442,0.961300,0.778024,0.700800,0.700800,0.700800,0.773297,0.674750,0.659602
