step, Train loss, Train accuracy, Test loss, Test accuracy, Test real pre, Test real rec, Test real F1-Score, Test fake pre, Test fake rec, Test fake F1-Score, Test micro pre, Test micro rec, Val micro F1-Score, Test macro pre, Test macro rec, Test macro F1-Score
8000,0.295250,0.903449,0.866194,0.653659,0.876197,0.326236,0.475448,0.605095,0.957258,0.741486,0.653659,0.653659,0.653659,0.740646,0.641747,0.608467
16000,0.286097,0.899563,0.965975,0.652068,0.851555,0.335280,0.481127,0.605448,0.945806,0.738288,0.652068,0.652068,0.652068,0.728501,0.640543,0.609708
24000,0.310120,0.894578,1.022434,0.519984,0.978495,0.002351,0.004691,0.519453,0.999952,0.683726,0.519984,0.519984,0.519984,0.748974,0.501152,0.344208
32000,0.314232,0.888957,0.561932,0.660584,0.823046,0.375200,0.515432,0.614940,0.925202,0.738820,0.660584,0.660584,0.660584,0.718993,0.650201,0.627126
40000,0.321034,0.885171,0.657062,0.726794,0.840451,0.533409,0.652620,0.676832,0.906107,0.774865,0.726794,0.726794,0.726794,0.758641,0.719758,0.713742
48000,0.313300,0.886437,0.833145,0.573141,0.901860,0.126557,0.221965,0.549340,0.987230,0.705890,0.573141,0.573141,0.573141,0.725600,0.556893,0.463928
56000,0.322000,0.883589,0.983422,0.518877,0.000000,0.000000,0.000000,0.518877,1.000000,0.683238,0.518877,0.518877,0.518877,0.259439,0.500000,0.341619
64000,0.331321,0.881002,1.189516,0.518877,0.000000,0.000000,0.000000,0.518877,1.000000,0.683238,0.518877,0.518877,0.518877,0.259439,0.500000,0.341619
