step, Train loss, Train accuracy, Val loss, Val accuracy, Val real pre, Val real rec, Val real F1-Score, Val fake pre, Val fake rec, Val fake F1-Score, Val micro pre, Val micro rec, Val micro F1-Score, Val macro pre, Val macro rec, Val macro F1-Score
8000,0.295250,0.903449,0.688074,0.716491,0.899516,0.423600,0.575966,0.666644,0.960567,0.787059,0.716491,0.716491,0.716491,0.783080,0.692083,0.681513
16000,0.286097,0.899563,0.837248,0.694509,0.884594,0.377120,0.528801,0.648821,0.959000,0.773990,0.694509,0.694509,0.694509,0.766707,0.668060,0.651396
24000,0.310120,0.894578,0.920421,0.548236,0.975155,0.006280,0.012480,0.546983,0.999867,0.707128,0.548236,0.548236,0.548236,0.761069,0.503073,0.359804
32000,0.314232,0.888957,0.502180,0.716364,0.846301,0.459440,0.595562,0.673796,0.930467,0.781598,0.716364,0.716364,0.716364,0.760048,0.694953,0.688580
40000,0.321034,0.885171,0.576133,0.780436,0.870315,0.607480,0.715524,0.738668,0.924567,0.821229,0.780436,0.780436,0.780436,0.804492,0.766023,0.768376
48000,0.313300,0.886437,0.693092,0.631836,0.926405,0.206440,0.337640,0.598636,0.986333,0.745068,0.631836,0.631836,0.631836,0.762521,0.596387,0.541354
56000,0.322000,0.883589,0.936949,0.545455,0.000000,0.000000,0.000000,0.545455,1.000000,0.705882,0.545455,0.545455,0.545455,0.272727,0.500000,0.352941
64000,0.331321,0.881002,1.127926,0.545455,0.000000,0.000000,0.000000,0.545455,1.000000,0.705882,0.545455,0.545455,0.545455,0.272727,0.500000,0.352941
72000,0.339066,0.878967,0.962193,0.545455,0.000000,0.000000,0.000000,0.545455,1.000000,0.705882,0.545455,0.545455,0.545455,0.272727,0.500000,0.352941
