step, Train loss, Train accuracy, Val loss, Val accuracy, Val real pre, Val real rec, Val real F1-Score, Val fake pre, Val fake rec, Val fake F1-Score, Val micro pre, Val micro rec, Val micro F1-Score, Val macro pre, Val macro rec, Val macro F1-Score
200,0.154821,0.938438,0.021280,0.989000,0.992447,0.985500,0.988961,0.985601,0.992500,0.989038,0.989000,0.989000,0.989000,0.989024,0.989000,0.989000
400,0.095032,0.963594,0.066192,0.990000,0.989022,0.991000,0.990010,0.990982,0.989000,0.989990,0.990000,0.990000,0.990000,0.990002,0.990000,0.990000
