epoch, Train loss, Train accuracy, Test loss, Test accuracy, Test real pre, Test real rec, Test real F1-Score, Test fake pre, Test fake rec, Test fake F1-Score, Test micro pre, Test micro rec, Val micro F1-Score, Test macro pre, Test macro rec, Test macro F1-Score
1,0.000180,0.999967,0.000000,1.000000,1.000000,1.000000,1.000000,0.000000,0.000000,0.000000,1.000000,1.000000,1.000000,1.000000,1.000000,1.000000
2,0.000000,1.000000,0.000000,1.000000,1.000000,1.000000,1.000000,0.000000,0.000000,0.000000,1.000000,1.000000,1.000000,1.000000,1.000000,1.000000
3,0.000000,1.000000,0.000000,1.000000,1.000000,1.000000,1.000000,0.000000,0.000000,0.000000,1.000000,1.000000,1.000000,1.000000,1.000000,1.000000
