epoch, Train loss, Train accuracy, Val loss, Val accuracy, Val real pre, Val real rec, Val real F1-Score, Val fake pre, Val fake rec, Val fake F1-Score, Val micro pre, Val micro rec, Val micro F1-Score, Val macro pre, Val macro rec, Val macro F1-Score
1,0.000180,0.999967,0.000000,1.000000,1.000000,1.000000,1.000000,0.000000,0.000000,0.000000,1.000000,1.000000,1.000000,1.000000,1.000000,1.000000
2,0.000000,1.000000,0.000000,1.000000,1.000000,1.000000,1.000000,0.000000,0.000000,0.000000,1.000000,1.000000,1.000000,1.000000,1.000000,1.000000
3,0.000000,1.000000,0.000000,1.000000,1.000000,1.000000,1.000000,0.000000,0.000000,0.000000,1.000000,1.000000,1.000000,1.000000,1.000000,1.000000
