epoch, Train loss, Train accuracy, Test loss, Test accuracy, Test real pre, Test real rec, Test real F1-Score, Test fake pre, Test fake rec, Test fake F1-Score, Test micro pre, Test micro rec, Val micro F1-Score, Test macro pre, Test macro rec, Test macro F1-Score
1,0.311850,0.879359,0.864849,0.518877,0.000000,0.000000,0.000000,0.518877,1.000000,0.683238,0.518877,0.518877,0.518877,0.259439,0.500000,0.341619
2,0.389056,0.862763,1.010179,0.519834,0.635088,0.004677,0.009285,0.519425,0.997508,0.683129,0.519834,0.519834,0.519834,0.577256,0.501093,0.346207
3,0.398955,0.862983,0.990869,0.518877,0.000000,0.000000,0.000000,0.518877,1.000000,0.683238,0.518877,0.518877,0.518877,0.259439,0.500000,0.341619
4,0.399853,0.862473,1.255681,0.519449,0.688525,0.002170,0.004327,0.519192,0.999090,0.683298,0.519449,0.519449,0.519449,0.603858,0.500630,0.343813
5,0.391730,0.862233,0.983168,0.518877,0.000000,0.000000,0.000000,0.518877,1.000000,0.683238,0.518877,0.518877,0.518877,0.259439,0.500000,0.341619
