epoch, Train loss, Train accuracy, Val loss, Val accuracy, Val real pre, Val real rec, Val real F1-Score, Val fake pre, Val fake rec, Val fake F1-Score, Val micro pre, Val micro rec, Val micro F1-Score, Val macro pre, Val macro rec, Val macro F1-Score
1,0.311850,0.879359,0.801238,0.545455,0.000000,0.000000,0.000000,0.545455,1.000000,0.705882,0.545455,0.545455,0.545455,0.272727,0.500000,0.352941
2,0.389056,0.862763,0.952782,0.547018,0.686957,0.006320,0.012525,0.546431,0.997600,0.706099,0.547018,0.547018,0.547018,0.616694,0.501960,0.359312
3,0.398955,0.862983,0.942021,0.545455,0.000000,0.000000,0.000000,0.545455,1.000000,0.705882,0.545455,0.545455,0.545455,0.272727,0.500000,0.352941
4,0.399853,0.862473,1.115500,0.546164,0.589862,0.005120,0.010152,0.545991,0.997033,0.705590,0.546164,0.546164,0.546164,0.567926,0.501077,0.357871
5,0.391730,0.862233,0.941462,0.545455,0.000000,0.000000,0.000000,0.545455,1.000000,0.705882,0.545455,0.545455,0.545455,0.272727,0.500000,0.352941
