step, Train loss, Train accuracy, Val loss, Val accuracy, Val real pre, Val real rec, Val real F1-Score, Val fake pre, Val fake rec, Val fake F1-Score, Val micro pre, Val micro rec, Val micro F1-Score, Val macro pre, Val macro rec, Val macro F1-Score
200,1.533373,0.846562,6.690402,0.547500,0.527378,0.915000,0.669104,0.679245,0.180000,0.284585,0.547500,0.547500,0.547500,0.603311,0.547500,0.476845
400,1.431063,0.867188,0.610621,0.955750,0.918695,1.000000,0.957625,1.000000,0.911500,0.953701,0.955750,0.955750,0.955750,0.959348,0.955750,0.955663
600,1.564610,0.863437,0.349774,0.972250,0.954305,0.992000,0.972787,0.991671,0.952500,0.971691,0.972250,0.972250,0.972250,0.972988,0.972250,0.972239
800,1.402679,0.880469,0.203600,0.986000,0.980712,0.991500,0.986077,0.991405,0.980500,0.985923,0.986000,0.986000,0.986000,0.986059,0.986000,0.986000
1000,1.177510,0.900438,0.144262,0.989500,0.982266,0.997000,0.989578,0.996954,0.982000,0.989421,0.989500,0.989500,0.989500,0.989610,0.989500,0.989499
1200,1.016304,0.914479,0.177299,0.989000,0.978474,1.000000,0.989120,1.000000,0.978000,0.988878,0.989000,0.989000,0.989000,0.989237,0.989000,0.988999
1400,0.896635,0.925000,0.181329,0.988750,0.977995,1.000000,0.988875,1.000000,0.977500,0.988622,0.988750,0.988750,0.988750,0.988998,0.988750,0.988749
1600,0.816650,0.932109,0.998383,0.932500,0.979490,0.883500,0.929022,0.893898,0.981500,0.935653,0.932500,0.932500,0.932500,0.936694,0.932500,0.932338
