step, Train loss, Train accuracy, Test loss, Test accuracy, Test real pre, Test real rec, Test real F1-Score, Test fake pre, Test fake rec, Test fake F1-Score, Test micro pre, Test micro rec, Val micro F1-Score, Test macro pre, Test macro rec, Test macro F1-Score
200,1.533373,0.846562,7.891943,0.510619,0.510461,1.000000,0.675901,1.000000,0.000659,0.001317,0.510619,0.510619,0.510619,0.755231,0.500330,0.338609
400,1.431063,0.867188,3.528218,0.758118,0.678424,1.000000,0.808406,1.000000,0.506064,0.672035,0.758118,0.758118,0.758118,0.839212,0.753032,0.740221
600,1.564610,0.863437,2.827662,0.783939,0.729738,0.915750,0.812230,0.880452,0.646586,0.745611,0.783939,0.783939,0.783939,0.805095,0.781168,0.778920
800,1.402679,0.880469,1.493979,0.904073,0.842128,0.999367,0.914034,0.999182,0.804772,0.891501,0.904073,0.904073,0.904073,0.920655,0.902070,0.902768
1000,1.177510,0.900438,1.496419,0.903686,0.841226,1.000000,0.913767,1.000000,0.803322,0.890936,0.903686,0.903686,0.903686,0.920613,0.901661,0.902351
1200,1.016304,0.914479,1.534053,0.900781,0.837217,1.000000,0.911397,1.000000,0.797390,0.887275,0.900781,0.900781,0.900781,0.918608,0.898695,0.899336
1400,0.896635,0.925000,2.039525,0.868827,0.795512,1.000000,0.886111,1.000000,0.732138,0.845358,0.868827,0.868827,0.868827,0.897756,0.866069,0.865735
1600,0.816650,0.932109,0.938928,0.939513,0.913973,0.973055,0.942589,0.969894,0.904561,0.936089,0.939513,0.939513,0.939513,0.941934,0.938808,0.939339
